{"TimeInterval": [0, 1.0], "ContiRes": [[1.856601681771274e-11, 2.5267428610756688e-11, 3.1247006172973546e-11, 5.943853067760676e-11, 8.485248735980656e-11, 9.182080979907951e-11, 9.76223786128637e-11, 9.612649182859963e-11, 8.101083493269951e-11, 8.106454632260202e-11, 4.3063914899217926e-11, 2.5809542380243224e-11, 2.193791600464754e-11, 1.3904493088575696e-11, 2.3781564757022015e-11, 3.08663367712329e-11, 4.016699099963404e-11, 7.749058254851646e-11, 7.628617722781319e-11, 8.110999193171911e-11, 7.356888031668842e-11, 6.172813633047591e-11, 4.8791465771376164e-11, 2.3169120847883775e-11, 2.032861910423614e-11, 1.545913696213739e-11, 2.3592549417683655e-11, 3.13382161094688e-11, 6.038793070431182e-11, 8.707429290009954e-11, 9.585261846937353e-11, 9.595579428703419e-11], [9.27976468764593e-12, 1.2129211091785314e-11, 1.590707366706618e-11, 2.1733656960336922e-11, 3.957381176219992e-11, 5.0844680247855917e-11, 5.167579519770673e-11, 5.411442886010296e-11, 6.173722040368635e-11, 6.803008710822665e-11, 7.05981712356229e-11, 7.666135614198395e-11, 6.169364474685992e-11, 5.47951304000546e-11, 5.2116394383135154e-11, 6.848059138074674e-11, 6.980859490979938e-11, 5.83273444218181e-11, 5.577656676773061e-11, 5.22658459822046e-11, 4.590240798486528e-11, 2.6810632448254246e-11, 1.932988924716781e-11, 1.2266912216055619e-11, 1.125442909613046e-11, 4.282128838900367e-12, 9.153829065906094e-12, 1.2190814709730944e-11, 1.5750987222249192e-11, 2.1184572497072305e-11, 3.74667402867113e-11, 4.69068654229468e-11, 5.512988454473506e-11, 4.84504131441624e-11, 5.4061978470991455e-11, 5.83395725376396e-11, 6.876389365440543e-11, 6.226976379141872e-11, 4.735712984950989e-11, 4.572826819442653e-11, 6.388716391374931e-11, 5.508275964612177e-11, 5.477187607778011e-11, 4.344386670129021e-11, 4.4788453640379035e-11, 3.208280054433421e-11, 1.7605917080013213e-11, 1.3887153623333085e-11, 1.0832734094755442e-11, 5.731467494204654e-12, 7.719412455534953e-12, 1.2095017715578679e-11, 1.3100993180216785e-11, 2.1862681443612173e-11, 3.1023226262005e-11, 4.946709807839212e-11, 5.294975951039843e-11, 5.453384561955622e-11, 6.409750284078306e-11, 7.13393304486226e-11, 7.464165999379624e-11, 7.458035896087173e-11, 6.461977976110144e-11, 5.2595338652174077e-11]], "LinaTol": 1e-06, "PEr": [[3.523843444691702e-09, 1.6714566140137902e-05, 3.199281325939891e-05, 4.452022205302675e-05, 5.3347183968641633e-05, 5.799596364592406e-05, 5.858255733170423e-05, 5.545762457993402e-05, 4.92712609035827e-05, 4.052609879417161e-05, 2.995662921475379e-05, 1.831288368932257e-05, 6.485959242800564e-06, 7.954352210510593e-06, 1.9841379758818595e-05, 3.127482064201094e-05, 4.142839018523249e-05, 4.972980798188296e-05, 5.5611174025782046e-05, 5.866663284265004e-05, 5.827971343902266e-05, 5.390269180044597e-05, 4.554398061965756e-05, 3.3596723600396814e-05, 1.8770362235473677e-05, 2.2469184237168563e-06, 1.452351703625087e-05, 3.0048451052906123e-05, 4.298111543060354e-05, 5.2315060090487405e-05, 5.751639032933757e-05, 5.859186836717663e-05], [1.8855671297609353e-09, 8.436420152271397e-06, 1.6712315775473083e-05, 2.469056603240853e-05, 3.221892735056827e-05, 3.913367251030747e-05, 4.531809330518497e-05, 5.0672954759490054e-05, 5.5112175277880274e-05, 5.857112481973319e-05, 6.102100536880445e-05, 6.24706074775448e-05, 6.28807259143755e-05, 6.229102021595726e-05, 6.077441148818977e-05, 5.828231686199898e-05, 5.500677231584825e-05, 5.091149734139433e-05, 4.610784320543503e-05, 4.068443380150623e-05, 3.4721128754985584e-05, 2.834377287636584e-05, 2.161921294814405e-05, 1.4630788042779368e-05, 7.4690490402839636e-06, 7.973199512741648e-07, 7.098644074265319e-06, 1.4219809648623969e-05, 2.117349675738891e-05, 2.78857603416329e-05, 3.426322469707993e-05, 4.019759861404887e-05, 4.561234981625181e-05, 5.042158585296624e-05, 5.455058310059141e-05, 5.7926984847764004e-05, 6.049393306188057e-05, 6.218916830520781e-05, 6.292764029293546e-05, 6.275119350484009e-05, 6.151675078883198e-05, 5.9325952399124665e-05, 5.609601496323913e-05, 5.187537828217678e-05, 4.675210145023572e-05, 4.077242249393434e-05, 3.407563690662997e-05, 2.6734867192231024e-05, 1.8872086739371973e-05, 1.0661143421137407e-05, 2.2510439163089224e-06, 6.196669935243927e-06, 1.4532340555459357e-05, 2.259328030461537e-05, 3.024520260293957e-05, 3.7333854619549645e-05, 4.371668060505e-05, 4.929375507343185e-05, 5.3980637438141816e-05, 5.7699293056211084e-05, 6.04144291514142e-05, 6.21265270177264e-05, 6.281360162360195e-05, 6.246521585289854e-05]], "TimeIntMeth": "HalfExpEulSmaMin", "TimeDiscs": [32, 64], "Split": null, "SpaceDiscParam": 40, "Omega": 8, "VelEr": [[2.0186866915141056e-05, 9.991061793029527e-05, 0.00023447977609469687, 0.00041550229912817725, 0.0006317195240789516, 0.0008696867173318939, 0.0011146072674373649, 0.0013512540506038571, 0.0015649080649227892, 0.0017422859462893478, 0.001872359921421622, 0.001947045095406267, 0.0019617015010883884, 0.0019154218224569635, 0.0018110868247984118, 0.0016551856555257012, 0.0014574123138201926, 0.0012300641278955636, 0.0009872786732398155, 0.0007441532278208042, 0.0005158240056989204, 0.00031652450751970215, 0.0001587774659201252, 5.313564573365823e-05, 1.3805095928092808e-05, 1.9501544397262613e-05, 8.720423263367724e-05, 0.00021429574230354874, 0.0003895441861165685, 0.0006017224980140788, 0.0008375657934629628, 0.0010823856567903165], [2.5291745807557486e-06, 1.278075077705639e-05, 3.0725524466468296e-05, 5.607043672096037e-05, 8.841807057947521e-05, 0.00012726318476516234, 0.00017199940323710304, 0.0002219284717539936, 0.00027627109339183043, 0.0003341789018948733, 0.0003947479403779048, 0.00045703238224837934, 0.0005200604142908736, 0.0005828508362155624, 0.0006444199320504751, 0.0007038070966282958, 0.0007600855837378137, 0.0008123773565479086, 0.0008598667794961272, 0.0009018132396180554, 0.0009375627702675214, 0.0009665580752043598, 0.0009883474351415856, 0.0010025916277312042, 0.0010090691276536316, 0.0010076794718632104, 0.0009984448388516598, 0.000981509645709492, 0.0009571382698320149, 0.0009257109342586221, 0.000887717856591439, 0.0008437514929987579, 0.0007944975055653067, 0.0007407240469718006, 0.000683269930039216, 0.0006230316586272301, 0.0005609494819515626, 0.0004979923915961808, 0.0004351404772279861, 0.00037337845583954493, 0.00031367129149204276, 0.00025695288171109315, 0.00020411130566709898, 0.00015597672266370557, 0.00011331070156950966, 7.680139992817791e-05, 4.7075092798689556e-05, 2.477352372128729e-05, 1.0955804415159508e-05, 6.905053154676361e-06, 6.888921251874318e-06, 1.1637961958558083e-05, 2.630131133569124e-05, 4.93044215803606e-05, 7.966012863740911e-05, 0.00011674053195851128, 0.00015991806679309977, 0.000208499612729584, 0.0002617181435205371, 0.00031873831212668566, 0.00037866752200200115, 0.0004405685956117155, 0.0005034742219930382, 0.0005664045023520356]]}