{"TimeInterval": [0, 1.0], "ContiRes": [[4.834812254208339e-09, 1.0831324108302113e-07, 1.4806684243064376e-07, 1.9510506047283526e-07, 1.712631884500712e-07, 9.542284950322245e-08, 2.30512445398876e-08, 5.946432219820807e-08, 9.446781793740592e-08, 1.5956753611874462e-07, 1.483026752742354e-07, 9.586339661056854e-08, 4.6096860684599954e-08, 4.549108844028155e-08, 1.0897184401872046e-07, 1.7734173395754964e-07]], "TolCor": [[1.0, 0.1922456433335335, 0.14699830028379549, 0.1251191081674795, 0.10594848251765847, 0.08108440236967994, 0.030422404477712627, 0.30355807567846355, 0.2933447725614541, 0.18637350999254487, 0.1503521656245745, 0.12555596665984312, 0.13196233456501724, 0.296440410508949, 0.16622623680794574, 0.13653395150483655]], "LinaTol": 0.0009765625, "PEr": [[2.879156466351095e-07, 2.4902986570604348e-05, 5.123040267227005e-05, 4.06144998718587e-05, 4.842484809530953e-05, 2.9695252025677653e-05, 1.666333589204059e-05, 1.97042452357839e-05, 3.912897340634002e-05, 4.761332009244046e-05, 5.169596237585634e-05, 4.206089932705019e-05, 1.862260277359779e-05, 1.6465093850701844e-05, 4.401448875343186e-05, 5.095437120040615e-05]], "TimeIntMeth": "HalfExpEulSmaMin", "TimeDiscs": [16], "SpaceDiscParam": 40, "Omega": 8, "VelEr": [[0.00015999188944054377, 0.0007557283511129547, 0.0016433419808226206, 0.0026056686691253734, 0.003408990836830117, 0.0038537428865178364, 0.0038306827285465015, 0.0033474471316724923, 0.002522930366786928, 0.0015565895575666245, 0.0006855989676169146, 0.00012662910649074427, 2.8848856521568117e-05, 0.0003698540488325281, 0.0011141156210072642, 0.0020633999464118075]]}