{"TimeInterval": [0, 1.0], "ContiRes": [[6.461977687795972e-08, 1.0494246440741433e-07, 1.9718337418016042e-07, 1.989719661158648e-07, 1.9956875248164398e-07, 1.388812771326552e-07, 3.00638898068026e-08, 5.946147732139207e-08, 1.1245808017706532e-07, 2.416420199273373e-07, 2.4550530591083856e-07, 1.1566654742787005e-07, 4.8840054489646907e-08, 6.727619537824291e-08, 1.5411442984076236e-07, 2.996482449450052e-07], [3.306574703179236e-08, 4.935572940814558e-08, 9.988927395209942e-08, 1.608914525476774e-07, 1.7858311799743318e-07, 1.4674022089161582e-07, 2.318577774363879e-07, 2.3613110173347824e-07, 1.4263881246170264e-07, 1.8545799330961298e-07, 1.072520053274961e-07, 4.590494511827032e-08, 2.9480769034890402e-08, 1.91475067015397e-08, 3.598394049460191e-08, 7.406163652739937e-08, 1.2233053089907966e-07, 1.664723526527836e-07, 1.2969449070535822e-07, 1.589111458482625e-07, 1.828541510790052e-07, 1.5168873166784197e-07, 9.226676292422655e-08, 4.341785430864579e-08, 2.3643959111294994e-08, 2.5717533564837852e-08, 4.906203304367044e-08, 7.390592240839627e-08, 1.2696001160069e-07, 1.8265013671940404e-07, 1.5185852522357308e-07, 2.0294428495158005e-07], [1.656452553004672e-08, 2.3892977568260048e-08, 4.9605460869210593e-08, 6.650116922549272e-08, 1.0932571654104604e-07, 1.1522841828211987e-07, 1.14154848906714e-07, 1.4647466565028484e-07, 1.8129713946659523e-07, 1.928530380006548e-07, 1.8809608368155863e-07, 1.7821595207182797e-07, 1.9151540996845306e-07, 1.4196755084823375e-07, 2.2372968512233414e-07, 2.0199629430807632e-07, 1.9814067468562432e-07, 1.5932314851135624e-07, 1.287803190237749e-07, 1.3128942175187782e-07, 1.1531490227876983e-07, 8.404316315480045e-08, 4.380174652779096e-08, 3.245474049780931e-08, 1.2899391433353407e-08, 4.939706014692749e-09, 1.22450487779224e-08, 2.4632307540301138e-08, 3.646632221282149e-08, 6.534510661838029e-08, 1.0505147485631547e-07, 1.1206214477230105e-07, 1.1202462346371387e-07, 1.2471411365975425e-07, 1.5572867925961401e-07, 1.747268258775414e-07, 1.6623628391391681e-07, 1.6304126276757102e-07, 1.5028279148049607e-07, 1.7339393795884564e-07, 1.7043424805327117e-07, 1.7558683128389417e-07, 1.3232664770636368e-07, 1.188383877830445e-07, 1.2853073124688967e-07, 7.68090056823518e-08, 5.829607620007073e-08, 3.042860100162236e-08, 1.516866532990062e-08, 8.34924516262648e-09, 1.440078948108423e-08, 1.8746243286683505e-08, 3.578781579136392e-08, 6.686501871294339e-08, 9.984433218145253e-08, 1.163280197641925e-07, 1.1528875475456759e-07, 1.2805919163308378e-07, 1.608612154615512e-07, 1.8985265853603538e-07, 1.9430861035798025e-07, 1.8985286177660253e-07, 1.7439265379450926e-07, 1.6116905425269387e-07], [7.297372353188441e-09, 1.1803558794384705e-08, 2.4710996673417333e-08, 3.4202244089526687e-08, 5.2924250017352395e-08, 6.692398122342423e-08, 6.545758810000131e-08, 7.148111925813e-08, 9.071450766907212e-08, 1.0840928562735672e-07, 1.1406599352510296e-07, 1.201405681983135e-07, 1.2936591439299197e-07, 1.5006069450819053e-07, 1.6744734386986303e-07, 1.6922104679284842e-07, 1.702595202048425e-07, 1.7248186180110676e-07, 1.7276512088472187e-07, 1.7379026732210388e-07, 1.751568157048981e-07, 1.7481739622776724e-07, 1.7515174537307916e-07, 1.6909174295955241e-07, 1.5992245438041483e-07, 1.7070931293601e-07, 1.6859670071985525e-07, 1.63773136596487e-07, 1.4191689901858273e-07, 1.3451108397109264e-07, 1.3347833905236928e-07, 1.3070729864730832e-07, 1.3088184582458804e-07, 1.3304006912018425e-07, 1.3338598360587557e-07, 1.335180740799476e-07, 1.350636991816851e-07, 1.351461615622739e-07, 1.3569151509646118e-07, 1.2495668503972457e-07, 1.0792478783256801e-07, 8.822252394311739e-08, 8.133497340097273e-08, 7.69241066894738e-08, 7.681896081300395e-08, 5.567762202853821e-08, 3.3199630813908394e-08, 2.4053446561528932e-08, 1.7282130720168353e-08, 6.818817390080525e-09, 6.0606719801983526e-09, 6.261900845745789e-09, 9.511604645940375e-09, 1.7819235340126412e-08, 3.406175430998327e-08, 4.5463115730055886e-08, 6.709078378809119e-08, 6.60189102915553e-08, 6.738197975175715e-08, 8.140494254642215e-08, 9.814915588880243e-08, 1.1408669055896253e-07, 1.1798178866927616e-07, 1.314534108548914e-07, 1.3469880419526792e-07, 1.5581253195932666e-07, 1.6638665954349228e-07, 1.7651425251425557e-07, 1.7791130346674295e-07, 1.7852578054969065e-07, 1.7879646881218565e-07, 1.794987498818174e-07, 1.7733527594912126e-07, 1.7341733531441667e-07, 1.615262331784908e-07, 1.6534277997811375e-07, 1.361982387832809e-07, 1.485444433833214e-07, 1.3806710483901188e-07, 1.2280547087198898e-07, 1.1948248375496525e-07, 1.1981372667598142e-07, 1.206508513942519e-07, 1.2129672373417455e-07, 1.2035625817743893e-07, 1.2093544236204862e-07, 1.2286055114944707e-07, 1.2325095061290131e-07, 1.2423565941469508e-07, 1.1499227488212946e-07, 9.632466471208192e-08, 8.675461361458867e-08, 7.763160708453224e-08, 7.677785021090508e-08, 5.5123730530019224e-08, 4.589404863917664e-08, 2.3493906375856684e-08, 1.6919581203243075e-08, 9.09961438674658e-09, 5.992590559948861e-09, 6.084264613801831e-09, 7.0034587496393465e-09, 1.7539883776060486e-08, 2.4873353719320913e-08, 3.394744289551181e-08, 5.901534476771644e-08, 6.586753925932372e-08, 6.741607278996238e-08, 7.581264271751895e-08, 9.796171974192692e-08, 1.1143608049049609e-07, 1.2030717566408732e-07, 1.29789927264571e-07, 1.4144154351266178e-07, 1.5953596381065829e-07, 1.6909683504417749e-07, 1.7056720958862666e-07, 1.71943287250005e-07, 1.7301484814028009e-07, 1.746743072744587e-07, 1.7573399178627225e-07, 1.77795120297658e-07, 1.7620053242627e-07, 1.7524862353938454e-07, 1.7017042303014473e-07, 1.602921806801761e-07, 1.5710702812204514e-07, 1.3614768661128426e-07]], "TolCor": [[1.0, 0.2675666653422458, 0.20584855542128855, 0.17558374339843724, 0.14890249929344174, 0.11416563471632839, 0.04289720632575515, 0.4054878373623592, 0.40010907420457414, 0.25981551793507923, 0.21042679527229644, 0.17617401031355334, 0.18450738428322777, 0.40300183931805517, 0.23196188826331274, 0.19131101120159585]], "LinaTol": 0.0009765625,