{"TimeInterval": [0, 1.0], "ContiRes": [[2.553966832771731e-09, 3.7819296465453906e-08, 9.35037631957461e-08, 9.992307718025329e-08, 1.1884092252222241e-07, 1.4814979585187457e-07, 5.4810381761707e-08, 1.4874546528982966e-08, 2.6246733638653748e-08, 7.659585093630018e-08, 1.084698473599905e-07, 6.320575607202242e-08, 2.1938477662346053e-08, 3.1365799847481573e-08, 5.659491195152365e-08, 1.589499359122092e-07], [1.2769834163858655e-09, 1.697550023342052e-08, 4.756217157456739e-08, 8.219571924336709e-08, 1.0225941702731608e-07, 8.708072069407677e-08, 1.3761903504542077e-07, 1.3751998015704995e-07, 1.6182548022354221e-07, 1.0971131692976904e-07, 1.3789084377574677e-07, 7.089114403402631e-08, 2.892261920825571e-08, 1.4893845336049922e-08, 1.2013375415343764e-08, 2.7651314331124884e-08, 5.818084944712383e-08, 9.106618366814857e-08, 6.704884044167656e-08, 1.1595980474598262e-07, 1.2289979407033776e-07, 8.125614164183422e-08, 1.0594320988252561e-07, 4.449650150953781e-08, 2.145768720317775e-08, 4.4414651807423876e-09, 1.3209253715941578e-08, 4.76501020065223e-08, 8.343483466029736e-08, 1.077126136937415e-07, 8.416649600579087e-08, 1.4558788067057143e-07], [6.384917081929328e-10, 8.379815212650315e-09, 2.2935826872369825e-08, 4.417309186630216e-08, 7.624565799911024e-08, 7.202826821806493e-08, 6.540438496299709e-08, 6.330529016057862e-08, 9.184154998913681e-08, 1.131589656522526e-07, 1.0602770866827117e-07, 1.4057923085255176e-07, 1.6407881503648064e-07, 1.5637623700906604e-07, 1.3028318956042643e-07, 1.260109117952031e-07, 1.1791208744830553e-07, 1.3495228360193536e-07, 8.842858072904208e-08, 7.460464576159458e-08, 7.485215257355864e-08, 7.934759264011855e-08, 8.449207672205603e-08, 5.519742735871058e-08, 2.7882222458630154e-08, 1.211441540352997e-08, 3.6547131867589013e-09, 6.426344623912325e-09, 1.697803501964316e-08, 3.1488987068055726e-08, 6.911088934892562e-08, 6.748308912799762e-08, 6.081624074402858e-08, 5.868984778671166e-08, 8.387424395959107e-08, 1.0202656656238082e-07, 1.0798119836086007e-07, 1.3490913692407864e-07, 1.5405601638886763e-07, 1.26057694062305e-07, 1.1669827975971421e-07, 1.0120187930738681e-07, 1.0552224695255032e-07, 6.940021533971075e-08, 6.789039757388129e-08, 7.279977724484958e-08, 7.909740195677239e-08, 5.150201583955444e-08, 2.655227281212064e-08, 1.1544411247051396e-08, 3.627563661672719e-09, 6.582532934845056e-09, 1.6658980331408798e-08, 3.175407210299364e-08, 6.729286548221333e-08, 7.431125967589405e-08, 6.683444279331063e-08, 6.373437820914341e-08, 7.42481435907062e-08, 1.1843534333314722e-07, 1.0861665173494055e-07, 1.2866049902082055e-07, 1.6758236293678312e-07, 1.6949864626608194e-07], [3.192458540964664e-10, 4.159774318172783e-09, 1.1130359029020521e-08, 2.1963644296157102e-08, 3.5484931467207417e-08, 4.2662197827023986e-08, 4.129368047153239e-08, 4.0329592274057557e-08, 4.0935762528702574e-08, 4.818873970914426e-08, 5.976584385959161e-08, 6.925441638249813e-08, 8.229963880790163e-08, 7.760627148110347e-08, 7.415363234470275e-08, 7.770548807588468e-08, 9.259332868978419e-08, 9.705971897237983e-08, 9.470125728209671e-08, 9.415114161535878e-08, 9.268548908842857e-08, 9.58294275275928e-08, 1.0706285629368811e-07, 1.1646614247884708e-07, 1.0433880233574225e-07, 1.2925462006919902e-07, 1.3694519010643627e-07, 1.351311189838978e-07, 1.260855578699497e-07, 9.364493386140176e-08, 7.622335501490411e-08, 7.127922820259853e-08, 7.429541909766331e-08, 7.130343825244654e-08, 7.243313782976784e-08, 7.543548223060574e-08, 7.852997503293998e-08, 7.903192472111011e-08, 8.851290558515764e-08, 9.536730629095318e-08, 7.994583125058987e-08, 5.533295033240292e-08, 5.584760453588355e-08, 4.7277479680807705e-08, 4.3934304469830004e-08, 4.352099724247065e-08, 4.4116760588844044e-08, 4.5088218813039096e-08, 2.9302899509378852e-08, 1.4271022935556372e-08, 7.550024010438137e-09, 4.05167676422269e-09, 3.738617796305429e-09, 8.106904025725041e-09, 1.5704922152646523e-08, 2.954045185030252e-08, 4.2452220123604486e-08, 4.080189322674683e-08, 3.9793121818473054e-08, 3.990801908519227e-08, 3.9453964045489354e-08, 4.548474912773993e-08, 6.811381056484987e-08, 8.172874533149788e-08, 7.648003506109551e-08, 7.310559248900301e-08, 7.698771591500594e-08, 8.759958315804768e-08, 9.631680408141182e-08, 9.484650252026051e-08, 9.425734815894183e-08, 9.233132988461521e-08, 9.390514923656353e-08, 9.819322068162117e-08, 1.0402884503437166e-07, 9.627004285555293e-08, 1.340995402798406e-07, 1.284077511288563e-07, 1.1482380426569168e-07, 8.49288101077873e-08, 7.348372595581057e-08, 6.615780096918881e-08, 6.458214492731023e-08, 6.673860832147222e-08, 6.738716878177779e-08, 7.06161855410162e-08, 7.135473836613434e-08, 7.52711462968497e-08, 8.635060925208558e-08, 8.141616694271555e-08, 6.541198976286084e-08, 5.370442071955406e-08, 4.548515255822181e-08, 4.273374986836654e-08, 4.26281144291845e-08, 4.341880048144615e-08, 4.452863704568481e-08, 2.8682260044311078e-08, 1.3980924911800154e-08, 7.404602048390782e-09, 4.229353533686697e-09, 4.315872629835645e-09, 7.991066492855156e-09, 1.5611077154417327e-08, 2.978789514198589e-08, 4.344512738626169e-08, 4.1757805377130934e-08, 4.074893173003598e-08, 3.9637404486203e-08, 4.007535513856237e-08, 4.6411153764786316e-08, 5.90819514899456e-08, 8.135618295993524e-08, 8.151034324170299e-08, 7.596813121092877e-08, 7.530147711137623e-08, 8.357684200692018e-08, 9.798451904232024e-08, 9.704440803291405e-08, 9.501433329069252e-08, 9.439371857802301e-08, 9.835350210987135e-08, 1.0968732444336955e-07, 1.0084503250278956e-07, 1.094756898403527e-07, 1.017787177874621e-07, 1.6397779292661948e-07, 1.5026966267571352e-07]], "LinaTol": 0.0001,