{"TimeInterval": [0, 1.0], "ContiRes": [[1.637765014187261e-09, 5.28879765322023e-09, 6.3760972043496e-09, 8.180434488918664e-09, 9.095477477263232e-09, 6.934562299914406e-09, 5.558723274184607e-09, 4.76814492893913e-09, 4.03712837781017e-09, 6.241786757045688e-09, 4.831500654205991e-09, 3.40210451481489e-09, 2.749907835617736e-09, 2.3767691624575816e-09, 4.71482361191061e-09, 6.413730962741286e-09, 7.745337151968627e-09, 7.837518458375235e-09, 5.8686039792389055e-09, 4.164534461146722e-09, 3.256260175002178e-09, 4.3307902271301305e-09, 5.103222421802254e-09, 2.8604649851114916e-09, 2.253704196871035e-09, 2.8073681881487934e-09, 5.6440829519922735e-09, 7.083520846481636e-09, 9.333864618094084e-09, 8.988604493229905e-09, 7.3747173957376756e-09, 6.0699366169842766e-09], [6.506154062875957e-10, 2.528789106526063e-09, 3.301722128247694e-09, 4.858258948923111e-09, 4.314825079331628e-09, 5.233863964200624e-09, 5.0276728687249756e-09, 4.778395003841725e-09, 4.916252200761783e-09, 5.51376640884213e-09, 4.585005321627974e-09, 7.952928424536823e-09, 7.708446656199933e-09, 7.558236790422165e-09, 5.9454397715079855e-09, 6.266874379098669e-09, 4.338094538505936e-09, 3.634464031008558e-09, 3.9085437519642915e-09, 4.385382801149038e-09, 4.442955903564664e-09, 4.293731301968107e-09, 3.189437174752412e-09, 2.020832326557643e-09, 1.1288992618797656e-09, 6.613363514440531e-10, 1.4519585874339897e-09, 2.795193393572307e-09, 3.622108391847393e-09, 4.927218370447658e-09, 5.5228455092863485e-09, 5.047198204978049e-09, 4.629233321343452e-09, 5.094376884067977e-09, 4.476334614486702e-09, 4.924129645391232e-09, 6.4171891015651394e-09, 6.460298678735494e-09, 6.295171134261224e-09, 6.598082780000285e-09, 6.513036503900454e-09, 4.529884157667282e-09, 4.041969336791465e-09, 3.843470112169901e-09, 3.95569104888935e-09, 3.976362410221746e-09, 3.6588279581844216e-09, 2.1211306153459944e-09, 1.4221205028402464e-09, 8.763249446015492e-10, 1.295665536633575e-09, 2.703739159154667e-09, 3.236547980115328e-09, 4.098449493610977e-09, 4.6022385958421704e-09, 4.670737283137658e-09, 4.945879213858593e-09, 4.918757125187338e-09, 5.528495788736451e-09, 5.0833511973853005e-09, 5.659963792540713e-09, 6.658480396829175e-09, 8.059396162655704e-09, 8.004118159819199e-09], [7.770422741442821e-12, 1.2621521430336064e-09, 1.591666901277181e-09, 2.461146663239905e-09, 2.674110811580037e-09, 2.7356448489912526e-09, 3.0834680766103582e-09, 3.0929133160623474e-09, 3.5841117118310585e-09, 3.890086847965139e-09, 3.9697466371679435e-09, 4.280757747395319e-09, 4.6916515079124736e-09, 4.578011477256615e-09, 4.939184141142625e-09, 5.358875100940935e-09, 5.030369315301005e-09, 5.410796043115706e-09, 5.629725008383287e-09, 5.338035023939611e-09, 5.558090353016254e-09, 6.268200145635663e-09, 6.369867571112447e-09, 6.069111001100771e-09, 6.514949790143771e-09, 7.073697368620571e-09, 6.565736802895019e-09, 6.086041983138589e-09, 5.723577435028269e-09, 5.336370747052132e-09, 5.199720239059275e-09, 5.685003687612602e-09, 5.577281679422996e-09, 5.30058388463155e-09, 5.350542582185243e-09, 5.3701971803799685e-09, 5.2011333352870154e-09, 4.9367770711412995e-09, 4.823765014331902e-09, 4.490758797368661e-09, 4.243324482656056e-09, 3.840504145206847e-09, 3.576074739137788e-09, 3.244979711304976e-09, 2.8838983548657355e-09, 2.590529027269257e-09, 2.198889225520943e-09, 1.5096367156967447e-09, 1.1829632972715497e-09, 6.174734317457368e-10, 3.6685731576891287e-10, 6.757334396736198e-10, 1.4031681782853365e-09, 1.6014869757893459e-09, 2.3260423269894085e-09, 2.452219515949823e-09, 2.7273670816817278e-09, 3.0402064946113765e-09, 3.1473081982485375e-09, 3.192467299207643e-09, 3.789016486060634e-09, 3.8748190910489125e-09, 4.212306707473774e-09, 4.554456583365561e-09, 4.775086324893329e-09, 5.066704089064107e-09, 5.085257925641196e-09, 5.32450674568061e-09, 5.1373357894467225e-09, 5.32690896306849e-09, 5.624592028416447e-09, 6.036986096003299e-09, 5.420072192272197e-09, 5.803397824888067e-09, 6.137914434585261e-09, 6.3558358149684475e-09, 6.085566005021554e-09, 5.64546595145375e-09, 6.03026727541572e-09, 5.559157441306908e-09, 5.089632488794343e-09, 4.819234207737461e-09, 5.199966030027784e-09, 4.9465362476731755e-09, 4.672787011129362e-09, 4.534943270128631e-09, 4.656921656787954e-09, 4.414726155476604e-09, 4.156177707296218e-09, 4.078086613373638e-09, 3.761953044547457e-09, 3.457282345236421e-09, 3.2506657977157132e-09, 2.959898632262287e-09, 2.706656191392288e-09, 2.2356910874127878e-09, 1.5573167208322575e-09, 1.4204476718626215e-09, 9.37482267311672e-10, 6.497436843754663e-10, 8.24619644068838e-10, 1.4387082118639342e-09, 1.5247592755002703e-09, 2.4245876970715626e-09, 2.621504186192522e-09, 2.8144272714617247e-09, 2.952486263020751e-09, 3.3239369249947427e-09, 3.4284767288766166e-09, 3.594424284126279e-09, 3.980153582958041e-09, 4.17134088605458e-09, 4.527284444462789e-09, 4.693511193683033e-09, 4.981511203220564e-09, 5.081574846362438e-09, 5.308840087599894e-09, 5.3310652033771344e-09, 5.519809538483946e-09, 5.477404088960361e-09, 5.647398447099506e-09, 5.554509475445992e-09, 5.71579756195451e-09, 6.4964330765003636e-09, 6.572609256010627e-09, 6.63301534214698e-09, 5.728949257721356e-09, 5.707772619377222e-09]], "TolCor": [[1.0, 0.25145255715274134, 0.5962650274000401, 0.5412069532297349, 0.8059005151192963, 0.8085486391253033, 0.9778507778012778, 0.9951116776281589, 0.8989501396485041, 0.8088750182477465, 0.49600968273536267, 0.3110198937727664, 0.09964410441604551, 0.1433886901037668, 0.28934389489075846, 0.45373898649162453, 0.5780367185003565, 0.7451493296473849, 0.8596473269919231, 0.9789948849732172, 0.991008131714498, 0.8247752629020132, 0.5977750665387849, 0.3234893364792648, 0.16311806496932, 0.19860490023008454, 0.32989976012698563, 0.45902260767181535, 0.5926639471279942, 0.7107626273905909, 0.8362548897678017, 0.9345241718625356]], "LinaTol": 6.103515625e-05,