{"TimeInterval": [0, 1.0], "ContiRes": [[7.537998192299808e-10, 3.209957272996638e-10, 2.570513831030896e-10, 7.736107222792953e-10, 1.7610105364799056e-09, 1.1624877141997973e-09, 2.101431327794577e-09, 6.157477210722414e-10, 1.59884885408425e-09, 2.2134811289934308e-09, 1.4952639957601748e-09, 1.3323921391767355e-08, 4.960749952674039e-08, 9.971146571305891e-09, 2.552731135043728e-08, 1.0597056027174297e-09, 1.5914619449211493e-09, 1.5574732672045128e-09, 1.270027880831674e-09, 2.0423319748860833e-09, 1.53341866824859e-09, 1.1463917219660714e-09, 5.171761197413093e-10, 5.507131485982235e-10, 1.0289545121693764e-09, 5.858844446310753e-11, 5.066094213112226e-10, 2.2645655470944714e-10, 1.8112813179554523e-10, 1.1193837965751287e-09, 1.5588670686158402e-09, 1.6932244761241482e-09, 1.696421723557292e-09, 7.486124504399159e-10, 1.3924156446144137e-09, 1.6465637964539486e-09, 5.419838761044373e-09, 2.2966509202907638e-08, 1.5389140672700293e-08, 3.6704660430177614e-08, 1.4671348240297663e-09, 1.7186391763716502e-09, 9.012748342681892e-10, 1.4017810452788638e-09, 1.7779389670938233e-09, 1.4372715359613225e-09, 8.985719061759222e-10, 5.030715131084654e-10, 5.826813420015611e-10, 7.955060783088912e-11, 1.0552341577658755e-09, 2.724401430772394e-10, 3.719096345333789e-10, 9.645671024205094e-10, 1.8509915869826915e-09, 1.6857033323465282e-09, 2.191571312979361e-09, 1.1762824031123572e-09, 1.1938956611313102e-09, 1.3180841688318837e-09, 1.3264814934494581e-09, 6.386775733704721e-09, 2.735313260414719e-08, 2.7747411549624766e-08], [1.0753161187186368e-10, 6.657594409064566e-11, 1.0103015799412305e-10, 1.6424776031524794e-10, 3.837814184029149e-10, 2.567061327092274e-10, 6.269096690210294e-10, 2.976523098304918e-10, 6.271146689495726e-10, 1.1405438708660586e-10, 3.5709421978997257e-10, 3.7350266902884856e-10, 5.41478333225046e-10, 5.391596155802859e-10, 7.102879164139924e-10, 6.757327765488603e-10, 4.819060958045938e-10, 8.573063026959529e-10, 3.3928477590787283e-09, 6.412062807033237e-09, 1.1552022488615919e-08, 1.0606569015429043e-08, 6.96504057146452e-09, 4.023260732601107e-08, 3.602716554280047e-09, 3.602716554280047e-09, 3.602716554280047e-09, 2.5279732230563023e-08, 2.4543125010291268e-09, 7.442966197402704e-09, 1.4595280018915331e-09, 6.792790869576859e-09, 4.542162530108234e-09, 1.798757581117637e-09, 6.102187252058907e-10, 7.597617149469477e-10, 8.150924330898796e-10, 7.684881408390496e-10, 7.230998643597299e-10, 7.604003218549574e-10, 3.639873894979901e-10, 4.01014016646306e-10, 5.048383820378017e-10, 4.697128303864601e-10, 4.399460902177649e-10, 4.2097222786333137e-10, 2.783920806318688e-10, 1.1339843564422623e-10, 1.1701598946040131e-10, 1.6861262288233728e-09, 5.355326840170221e-11, 4.5721087814907293e-11, 2.38522282865537e-10, 1.2595640802878164e-10, 1.7857367543488844e-10, 3.2626105126475067e-10, 3.641283106404661e-10, 5.575026885495715e-10, 4.3611595801667415e-10, 5.232445050387706e-10, 1.6255043953962293e-10, 3.81610581846558e-10, 5.307532597587474e-10, 6.69971110990056e-10, 6.658578725171171e-10, 7.5530360697683e-10, 7.322188497195209e-10, 6.30793639432035e-10, 1.3811157545015574e-09, 3.96778891355054e-09, 8.617558778557662e-09, 2.1714273763017463e-08, 3.629938814947161e-09, 1.0364860293946475e-08, 3.088927388019219e-09, 3.088927388019219e-09, 3.0781207433229124e-09, 1.1673844494360265e-08, 2.8574745114383026e-09, 4.624212001546984e-08, 6.059529652672369e-09, 8.263551003244096e-09, 4.412657572104929e-09, 5.222440048287748e-10, 7.022291053785414e-10, 8.77377664776173e-10, 8.845948006544658e-10, 7.869742466294514e-10, 6.726600111984714e-10, 4.804501985742973e-10, 9.197344567021486e-11, 5.443047668279544e-10, 3.758586444288267e-10, 4.959431784331613e-10, 4.1604549180619715e-10, 3.4673613724474617e-10, 2.00808432366748e-10, 1.409811264993303e-10, 3.330134845846103e-10, 3.993246744228709e-11, 4.696343161702044e-11, 4.449611950510743e-10, 1.240881239927063e-10, 2.0328904011819208e-10, 3.3911580883875434e-10, 5.095449644440587e-10, 4.1937310293620763e-10, 6.424684385156097e-10, 4.888504083572862e-10, 5.004408412813488e-10, 3.566965823747475e-10, 5.008539516513858e-10, 8.605969900926707e-10, 7.874415783827173e-10, 1.0546726449751601e-09, 9.685730013604803e-10, 8.784088817235048e-10, 4.580954965695555e-10, 1.4051539954724367e-09, 4.286779158564387e-09, 1.0620358506989511e-08, 2.6774896536009407e-08, 4.3468475177289656e-09, 1.3555991251490868e-08, 2.48659949739208e-09, 2.4019080888064388e-09, 2.4019080888064388e-09, 1.1958649481061889e-08]], "TolCor": [], "LinaTol": 0.00390625,