{"TimeInterval": [0, 3.0], "ContiRes": [[7.290968573359611e-09, 1.048948402242236e-07, 1.8936958143587375e-07, 2.9466482538996634e-07, 5.077354897943645e-07, 1.0982588487812917e-06, 8.945634720431411e-06, 1.3972856208557818e-06, 3.974427819937443e-07, 2.2140714121635246e-07, 9.349312707162824e-08, 8.61093693453674e-09, 6.369795119118487e-08, 1.71524942346943e-07, 2.9623655797534633e-07, 4.209741195868351e-07, 8.497159332164188e-07, 3.323946887703992e-06, 1.3483017721264116e-06, 4.2377306627966476e-07, 2.3022035512944955e-07, 1.001323498690804e-07, 2.3620428137765975e-08, 7.7255701616071e-08, 1.8036828164122287e-07, 3.077448397847258e-07, 4.859037654974036e-07, 8.140290186372096e-07, 2.6609315353357354e-06, 2.015774759194524e-06, 5.588916790662812e-07, 2.793527024849477e-07], [1.0874045940889124e-07, 5.538567707353456e-07, 1.3685992482781361e-06, 2.757691056758366e-06, 5.288082590736755e-06, 1.1526671856887428e-05, 3.277585480941783e-06, 3.2678408195623124e-06, 1.6158048381658673e-06, 5.070108699072281e-07, 8.134254931674553e-08, 2.8277232129301522e-08, 3.081675974527563e-07, 9.64376505670009e-07, 2.1086146427619896e-06, 4.217551466028129e-06, 9.194080213472765e-06, 3.89746146015217e-06, 2.555176581290819e-06, 1.4847981156114835e-06, 5.035749735182844e-07, 6.398700177874236e-08, 5.0549080595848686e-08, 3.6682785920577726e-07, 1.0757824398461267e-06, 2.3589275819596256e-06, 4.442499176815259e-06, 9.035127990047503e-06, 8.086612543745044e-06, 2.4578802586923456e-06, 1.873198608154465e-06, 8.027939111225485e-07], [1.7202680686959276e-06, 5.3286558508810405e-06, 9.247514837947092e-06, 1.235775639220569e-05, 1.813284244382689e-05, 1.554985739479486e-05, 1.9203384821804897e-05, 9.18927611740669e-06, 6.53028062162045e-06, 2.8123324593119053e-06, 3.9134571764907255e-07, 7.521689662204769e-07, 4.409905295792847e-06, 9.495470511933678e-06, 1.3792252910124453e-05, 1.684670432757037e-05, 1.6408098906063108e-05, 6.247585042343251e-06, 1.6094036092057744e-05, 9.90946905857378e-06, 4.265339893844797e-06, 3.3581901139371427e-07, 7.555892258103853e-07, 4.60124160234153e-06, 9.92728166546497e-06, 1.456313720949204e-05, 1.972168768837746e-05, 1.9262283466828267e-05, 1.3248340567152902e-06, 1.594644231059518e-05, 1.3013789447366828e-05, 8.769580484829655e-06], [8.693992856111202e-06, 2.0465766378549223e-05, 2.837577856211691e-05, 3.52385853011225e-05, 3.943738631182507e-05, 3.8123400051000547e-05, 9.34469586815292e-06, 3.022130868518401e-05, 2.1418612275406174e-05, 1.4072382574838639e-05, 1.6381795866093202e-06, 4.7320261867217065e-06, 1.6289383054679237e-05, 2.7050437277001823e-05, 3.249471272032108e-05, 3.728330337736172e-05, 3.775292837200147e-05, 3.4906026627227484e-06, 3.0853531959195576e-05, 2.1643755445775383e-05, 1.3723707708103147e-05, 3.501088636983579e-06, 5.608360529939896e-06, 1.5000389031611842e-05, 2.3484132906940252e-05, 3.258353802946973e-05, 3.8308247584543185e-05, 3.9421907745471395e-05, 1.5809307574960947e-05, 1.801769380206832e-05, 1.9675776655880396e-05, 1.642810520042262e-05], [2.1558020672401453e-05, 4.1524860548940976e-05, 5.768833904267221e-05, 6.670331222373842e-05, 6.997810392611827e-05, 6.810289295369697e-05, 8.31205762520787e-06, 5.872434832181241e-05, 4.579179259190334e-05, 2.6830677721766686e-05, 7.11874307460555e-06, 1.6816896935616887e-05, 3.7336271196366955e-05, 5.417302758132021e-05, 6.425684072925675e-05, 6.91199140260391e-05, 6.723827719410321e-05, 2.4582958956674613e-05, 4.599150342920558e-05, 4.724610457750828e-05, 2.857129141043062e-05, 7.142618953785779e-06, 1.414238708358458e-05, 3.498233109321881e-05, 5.2708478951157276e-05, 6.386353361408305e-05, 7.008808040288903e-05, 6.904452873394498e-05, 3.9932413322247626e-05, 5.222648825976486e-05, 3.252362015380326e-05, 3.367053612756223e-05]], "TimeDiscs": [32, 64, 128, 256, 512], "Split": null, "SpaceDiscParam": 40, "LinaTol": 0.0001, "Omega": 3, "VelEr": [[2.8719698591594112e-05, 0.0001438984630661608, 0.00033858854933621244, 0.0005972979067768259, 0.0008996572015891935, 0.0012218594767616996, 0.0015385269700700739, 0.0018245926665137508, 0.002057692560211634, 0.002219479437889743, 0.002297398032418991, 0.0022855701108155306, 0.0021852112143510554, 0.0020044349904868282, 0.001757547461968201, 0.0014640315603645, 0.0011471639099151368, 0.0008324325393095787, 0.0005458180284870336, 0.0003137906619940149, 0.00016599214575474378, 0.00012001848714135342, 0.00011735951232792524, 0.0001543682094548035, 0.0002947944655561479, 0.0005223646923580582, 0.0008065405438044536, 0.0011208686348442957, 0.0014391447778043908, 0.001735742844346322, 0.0019870613729598267, 0.0021732237650606205], [1.930238114903053e-05, 8.821539602922013e-05, 0.00020182819693287846, 0.0003511328302572206, 0.0005243028580684365, 0.0007077512499285814, 0.0008865415756497682, 0.001047036318327503, 0.001176334073126522, 0.0012646153547411102, 0.0013051859154393915, 0.0012951781095207288, 0.0012355914810776797, 0.0011311375783097653, 0.0009899413318503832, 0.0008229895985162862, 0.0006435099835293027, 0.00046538435643909097, 0.00030368239254214863, 0.00017311567265257058, 8.945821253550867e-05, 6.231826921982372e-05, 6.171417218432257e-05, 9.029375785003945e-05, 0.00017707107114745346, 0.0003101139789638052, 0.0004735457703953761, 0.0006527186846767007, 0.0008327168141351009, 0.0009991491585131006, 0.0011388664320751397, 0.0012409786537688464], [1.4831848331594768e-05, 6.421111695975757e-05, 0.00014422363882506546, 0.00024845153927205676, 0.00036900787897238953, 0.0004950951260033632, 0.0006180023654124044, 0.0007267636176043264, 0.000814081764154081, 0.0008729666792618673, 0.0008992428586088802, 0.0008911243936090773, 0.0008493563751382861, 0.0007771453828637159, 0.0006798638250574523, 0.0005649084729005462, 0.00044093117568610324, 0.00031742242973271836, 0.00020714727889945155, 0.00011631330949219379, 5.716528226787983e-05, 3.743130532672748e-05, 3.7961099587371794e-05, 6.210540024069156e-05, 0.00012598034870368234, 0.00022003215005781952, 0.0003342174827625179, 0.0004578869780174814, 0.000580853451792296, 0.0006950585187684821, 0.0007896159898553246, 0.000858027154144196], [1.8605444841523825e-05, 6.464045998995564e-05, 0.0001329020408825907, 0.00022202955265356755, 0.00032367998605637756, 0.00042971166442114516, 0.000529771301990957, 0.0006233324981064464, 0.0006954560183900741, 0.0007437231357026046, 0.0007645263617066292, 0.0007566558339626325, 0.0007207784794672995, 0.0006595239174638095, 0.0005770311945433235, 0.00047973954638837516, 0.000374814114636102, 0.00026541573201570437, 0.00017663296018708221, 9.922323196958905e-05, 4.833876822308145e-05, 2.803575051159259e-05, 2.9756347884291105e-05, 5.530527326720377e-05, 0.00011312083291145621, 0.00019521127645947392, 0.0002924648578771421, 0.0003972185078764163, 0.0004986180682509164, 0.0005947034714046937, 0.0006744158233704151, 0.000731331184470288], [3.59501966818808e-05, 8.448193534387248e-05, 0.00015056735199511393, 0.00023144814186617182, 0.00032404771986734433, 0.0004209728278160893, 0.0005067047454599506, 0.0006002320024093485, 0.0006658396673392082, 0.0007089145411405065, 0.0007271109261165475, 0.000719288930338348, 0.0006860384478912193, 0.0006295116102666585, 0.0005529987245878815, 0.00046236786826001064, 0.0003638978028470375, 0.00025191837834232346, 0.00017405339526099228, 0.00011248790804699785, 5.919370912296061e-05, 2.9084894642279243e-05, 3.533783790269415e-05, 7.239127322127189e-05, 0.00013051357609642785, 0.00020544997678653256, 0.00029473134104452705, 0.00039038148394680996, 0.00048000167795661806, 0.0005734112161325017, 0.0006442323853536248, 0.0006978477169351684]],